"AFTER","NAME","before_filter"
"1","CMR_EXT_SDRM_CARRIERDETAIL_STG","1"
"2","CMR_EXT_SDRM_CARRIERDETAIL","2"
"3","CMR_EXT_SDRM_PRODUCT_STG","3"
"4","CMR_EXT_SDRM_PRODUCT","4"
"5","CMR_EXT_SDRM_TRACK_STG","5"
"6","CMR_EXT_SDRM_TRACK","6"
"7","CMR.CMR_DIM_PRICE_TYPE","7"
"8","CMR.VW_PRICETYPE_DIM","8"
"9","CMR.CMR_DIM_SALE_CHANNEL","9"
"10","CMR.VW_SALE_CHANNEL","10"
"11","CMR.CMR_DIM_CURRENCY","11"
"12","GTA_CURRENCY","12"
"13","VW_CURRENCY_DIM","13"
"14","CMR.VW_CURRENCY_DIM","14"
"15","CMR.CMR_DIM_CURRENCY","15"
"16","CMR.VW_CURRENCY_DIM","16"
"17","cmr_dim_period","17"
"18","vw_period_dim","18"
"19","cmr_dim_company","19"
"20","vw_company_dim","20"
"21","cmr_dim_country","21"
"22","gta_country","22"
"23","vw_country_dim","23"
"24","CMR.CMR_DIM_LABEL","24"
"25","CMR.VW_LABEL_DIM","25"
"26","CMR.CMR_DIM_LABEL","26"
"27","GTA_INTERNATIONAL_LABEL","27"
"28","CMR.VW_LABEL_DIM","28"
"29","CMR.CMR_DIM_LABEL","29"
"30","CMR_ADM_LOAD_LOG","30"
"31","CMR_EXT_SDRM_PRODUCT_STG","31"
"32","CMR_EXT_SDRM_PRODUCT","32"
"33","TMP_LABEL_DIM","33"
"34","CMR_EXT_SDRM_PRODUCT_STG","34"
"35","CMR_EXT_SDRM_TRACK_STG","35"
"36","CMR_EXT_SDRM_CARRIERDETAIL_STG","36"
"37","CMR_DIM_LABEL","37"
"38","TMP_LABEL_DIM","38"
"39","CMR_DIM_LABEL","39"
"40","GTA_INTERNATIONAL_LABEL","40"
"41","CMR_SDRM_FAC_INVOICE","41"
"42","CMR_EXT_SDRM_PRODUCT_STG","42"
"43","CMR_ADM_LOAD_LOG","43"
"44","CMR_EXT_SDRM_CARRIERDETAIL_STG","44"
"45","CMR_EXT_SDRM_CARRIERDETAIL","45"
"46","CMR_EXT_SDRM_TRACK_STG","46"
"47","CMR_EXT_SDRM_TRACK","47"
"48","CMR_SDRM_FAC_TRACK","48"
"49","CMR.CMR_EXT_SDRM_TRACK_STG EXT,","49"
"50","CMR.CMR_DIM_LABEL LBL,","50"
"51","CMR.CMR_DIM_COMPANY CMP,","51"
"52","CMR.CMR_DIM_CURRENCY CUR","52"
"53","CMR_EXT_SDRM_TRACK_STG","53"
"54","CMR_ADM_LOAD_LOG","54"
"55","CMR_SDRM_FAC_CARRIER","55"
"56","CMR_EXT_SDRM_CARRIERDETAIL_STG","56"
"57","CMR_DIM_LABEL","57"
"58","CMR_DIM_COMPANY","58"
"59","CMR_DIM_COUNTRY","59"
"60","CMR_DIM_SALE_CHANNEL","60"
"61","CMR_DIM_PRICE_TYPE","61"
"62","CMR_DIM_CURRENCY","62"
"63","CMR_ADM_LOAD_LOG","63"
"64","CMR_EXT_SDRM_PRODUCT_STG","64"
"65","CMR_EXT_SDRM_PRODUCT","65"
"66","CMR_EXT_SDRM_PRODUCT_STG","66"
"67","CMR_EXT_SDRM_PRODUCT","67"
